"DESCRIPTION","DURATION IN MS","NAME","PARENT SUITE","START TIME","STATUS","STOP TIME","SUB SUITE","SUITE","TEST CLASS","TEST METHOD"
"","553","testGetListFilesPagination(String, Long, int) [1] limit, 5, 5","","2026-09-29","passed","2026-09-29","","api.tests.GetListFilesTest","api.tests.GetListFilesTest","testGetListFilesPagination"
"","7009","testOverwriteCustomProperties()","","2026-09-29","passed","2026-09-29","","api.tests.UpdateResourceTest","api.tests.UpdateResourceTest","testOverwriteCustomProperties"
"","699","testGetListFilesPagination(String, Long, int) [4] offset, 5, 20","","2026-09-29","passed","2026-09-29","","api.tests.GetListFilesTest","api.tests.GetListFilesTest","testGetListFilesPagination"
"","584","testGetListFilesWithLimitAndOffset(Long, Long) [5] 3, 2","","2026-09-29","passed","2026-09-29","","api.tests.GetListFilesTest","api.tests.GetListFilesTest","testGetListFilesWithLimitAndOffset"
"","7297","testUpdateResourceWithEmptyBody()","","2026-09-29","passed","2026-09-29","","api.tests.UpdateResourceTest","api.tests.UpdateResourceTest","testUpdateResourceWithEmptyBody"
"","7535","testAddAndOverwriteCustomProperties()","","2026-09-29","passed","2026-09-29","","api.tests.UpdateResourceTest","api.tests.UpdateResourceTest","testAddAndOverwriteCustomProperties"
"","5772","testUploadFileWithDisableRedirects()","","2026-09-29","passed","2026-09-29","","api.tests.UploadFileTest","api.tests.UploadFileTest","testUploadFileWithDisableRedirects"
"","431","testUploadFileUnauthorized(String) [1] ","","2026-09-29","passed","2026-09-29","","api.tests.UploadFileTest","api.tests.UploadFileTest","testUploadFileUnauthorized"
"","5000","testDeleteFileWithWrongMd5()","","2026-09-29","passed","2026-09-29","","api.tests.DeleteFileTest","api.tests.DeleteFileTest","testDeleteFileWithWrongMd5"
"","8347","testDeleteCustomPropertyWithNull()","","2026-09-29","passed","2026-09-29","","api.tests.UpdateResourceTest","api.tests.UpdateResourceTest","testDeleteCustomPropertyWithNull"
"","587","testGetListFilesByMediaType(String) [3] image","","2026-09-29","passed","2026-09-29","","api.tests.GetListFilesTest","api.tests.GetListFilesTest","testGetListFilesByMediaType"
"","3215","testUploadFileWithNonExistentUrl()","","2026-09-29","passed","2026-09-29","","api.tests.UploadFileTest","api.tests.UploadFileTest","testUploadFileWithNonExistentUrl"
"","4564","testDeleteFileWithInvalidToken(String) [3] y0__wgBELbo2XQY25YDIM7e340Zg7INVALID_TOKENBmfOax8h_yXY","","2026-09-29","passed","2026-09-29","","api.tests.DeleteFileTest","api.tests.DeleteFileTest","testDeleteFileWithInvalidToken"
"","445","testGetListFilesInvalidMediaType()","","2026-09-29","passed","2026-09-29","","api.tests.GetListFilesTest","api.tests.GetListFilesTest","testGetListFilesInvalidMediaType"
"","6612","testUpdateMultipleProperties()","","2026-09-29","passed","2026-09-29","","api.tests.UpdateResourceTest","api.tests.UpdateResourceTest","testUpdateMultipleProperties"
"","8041","testDeleteFileAsync()","","2026-09-29","passed","2026-09-29","","api.tests.DeleteFileTest","api.tests.DeleteFileTest","testDeleteFileAsync"
"","763","testGetListFilesAcceptHeader(String) [1] application/json","","2026-09-29","passed","2026-09-29","","api.tests.GetListFilesTest","api.tests.GetListFilesTest","testGetListFilesAcceptHeader"
"","6102","testUpdateResourceWithInvalidToken(String) [1] ","","2026-09-29","passed","2026-09-29","","api.tests.UpdateResourceTest","api.tests.UpdateResourceTest","testUpdateResourceWithInvalidToken"
"","6470","testUpdateNonExistentResource()","","2026-09-29","passed","2026-09-29","","api.tests.UpdateResourceTest","api.tests.UpdateResourceTest","testUpdateNonExistentResource"
"","3376","testUploadFileWithFields()","","2026-09-29","passed","2026-09-29","","api.tests.UploadFileTest","api.tests.UploadFileTest","testUploadFileWithFields"
"","486","testUploadFileUnauthorized(String) [2]    ","","2026-09-29","passed","2026-09-29","","api.tests.UploadFileTest","api.tests.UploadFileTest","testUploadFileUnauthorized"
"","663","testGetListFilesWithLimitAndOffset(Long, Long) [1] 5, 0","","2026-09-29","passed","2026-09-29","","api.tests.GetListFilesTest","api.tests.GetListFilesTest","testGetListFilesWithLimitAndOffset"
"","488","testUploadFileUnauthorized(String) [3] y0__wgBELbo2XQY25YDIM7e340Zg7INVALID_TOKENBmfOax8h_yXY","","2026-09-29","passed","2026-09-29","","api.tests.UploadFileTest","api.tests.UploadFileTest","testUploadFileUnauthorized"
"","607","testGetListFilesWithLimitAndOffset(Long, Long) [3] 10, 0","","2026-09-29","passed","2026-09-29","","api.tests.GetListFilesTest","api.tests.GetListFilesTest","testGetListFilesWithLimitAndOffset"
"","6925","testAddCustomProperties()","","2026-09-29","passed","2026-09-29","","api.tests.UpdateResourceTest","api.tests.UpdateResourceTest","testAddCustomProperties"
"","481","testGetListFilesInvalidToken(String) [3] y0__wgBELbo2XQY25YDIM7e340Zg7INVALID_TOKENBmfOax8h_yXY","","2026-09-29","passed","2026-09-29","","api.tests.GetListFilesTest","api.tests.GetListFilesTest","testGetListFilesInvalidToken"
"","563","testGetListFilesWithLimitAndOffset(Long, Long) [4] 10, 10","","2026-09-29","passed","2026-09-29","","api.tests.GetListFilesTest","api.tests.GetListFilesTest","testGetListFilesWithLimitAndOffset"
"","5888","testUpdateResourceWithInvalidToken(String) [2]    ","","2026-09-29","passed","2026-09-29","","api.tests.UpdateResourceTest","api.tests.UpdateResourceTest","testUpdateResourceWithInvalidToken"
"","4019","testUploadImageFile()","","2026-09-29","passed","2026-09-29","","api.tests.UploadFileTest","api.tests.UploadFileTest","testUploadImageFile"
"","580","testGetListFilesByMediaType(String) [1] document","","2026-09-29","passed","2026-09-29","","api.tests.GetListFilesTest","api.tests.GetListFilesTest","testGetListFilesByMediaType"
"","4400","testDeleteFileWithInvalidToken(String) [1] ","","2026-09-29","passed","2026-09-29","","api.tests.DeleteFileTest","api.tests.DeleteFileTest","testDeleteFileWithInvalidToken"
"","2","testUploadFileMissingParameters(String, Response, int) [2] Отсутствует параметр url, io.restassured.internal.RestAssuredResponseImpl@76795a95, 400","","2026-09-29","passed","2026-09-29","","api.tests.UploadFileTest","api.tests.UploadFileTest","testUploadFileMissingParameters"
"","424","testGetListFilesInvalidToken(String) [1] ","","2026-09-29","passed","2026-09-29","","api.tests.GetListFilesTest","api.tests.GetListFilesTest","testGetListFilesInvalidToken"
"","768","testGetListFilesWithLimitAndOffset(Long, Long) [6] 20, 0","","2026-09-29","passed","2026-09-29","","api.tests.GetListFilesTest","api.tests.GetListFilesTest","testGetListFilesWithLimitAndOffset"
"","3","testUploadFileMissingParameters(String, Response, int) [1] Отсутствует параметр path, io.restassured.internal.RestAssuredResponseImpl@2cef365b, 400","","2026-09-29","passed","2026-09-29","","api.tests.UploadFileTest","api.tests.UploadFileTest","testUploadFileMissingParameters"
"","593","testGetListFilesByMediaType(String) [2] video","","2026-09-29","passed","2026-09-29","","api.tests.GetListFilesTest","api.tests.GetListFilesTest","testGetListFilesByMediaType"
"","4867","testDeleteNonExistentFile()","","2026-09-29","passed","2026-09-29","","api.tests.DeleteFileTest","api.tests.DeleteFileTest","testDeleteNonExistentFile"
"","8442","testUpdateResourceUnauthorized()","","2026-09-29","passed","2026-09-29","","api.tests.UpdateResourceTest","api.tests.UpdateResourceTest","testUpdateResourceUnauthorized"
"","692","testGetListFilesPagination(String, Long, int) [3] offset, 0, 20","","2026-09-29","passed","2026-09-29","","api.tests.GetListFilesTest","api.tests.GetListFilesTest","testGetListFilesPagination"
"","594","testGetListFilesWithLimitAndOffset(Long, Long) [2] 5, 5","","2026-09-29","passed","2026-09-29","","api.tests.GetListFilesTest","api.tests.GetListFilesTest","testGetListFilesWithLimitAndOffset"
"","6508","testUpdateWithFields()","","2026-09-29","passed","2026-09-29","","api.tests.UpdateResourceTest","api.tests.UpdateResourceTest","testUpdateWithFields"
"","6400","testDeleteAlreadyDeletedFile()","","2026-09-29","passed","2026-09-29","","api.tests.DeleteFileTest","api.tests.DeleteFileTest","testDeleteAlreadyDeletedFile"
"","7227","testDeleteFileWithCorrectMd5()","","2026-09-29","passed","2026-09-29","","api.tests.DeleteFileTest","api.tests.DeleteFileTest","testDeleteFileWithCorrectMd5"
"","489","testGetListFilesInvalidToken(String) [2]    ","","2026-09-29","passed","2026-09-29","","api.tests.GetListFilesTest","api.tests.GetListFilesTest","testGetListFilesInvalidToken"
"","518","testGetListFilesByMediaType(String) [4] document,video","","2026-09-29","passed","2026-09-29","","api.tests.GetListFilesTest","api.tests.GetListFilesTest","testGetListFilesByMediaType"
"","4114","testDeleteFileUnauthorized()","","2026-09-29","passed","2026-09-29","","api.tests.DeleteFileTest","api.tests.DeleteFileTest","testDeleteFileUnauthorized"
"","6283","testUpdateResourceWithInvalidBody()","","2026-09-29","passed","2026-09-29","","api.tests.UpdateResourceTest","api.tests.UpdateResourceTest","testUpdateResourceWithInvalidBody"
"","1139","testGetListFilesPaginationUniqueness()","","2026-09-29","passed","2026-09-29","","api.tests.GetListFilesTest","api.tests.GetListFilesTest","testGetListFilesPaginationUniqueness"
"","641","testGetListFilesPagination(String, Long, int) [2] limit, 20, 20","","2026-09-29","passed","2026-09-29","","api.tests.GetListFilesTest","api.tests.GetListFilesTest","testGetListFilesPagination"
"","5950","testUpdateResourceWithInvalidToken(String) [3] y0__wgBELbo2XQY25YDIM7e340Zg7INVALID_TOKENBmfOax8h_yXY","","2026-09-29","passed","2026-09-29","","api.tests.UpdateResourceTest","api.tests.UpdateResourceTest","testUpdateResourceWithInvalidToken"
"","6541","testDeleteFilePermanently()","","2026-09-29","passed","2026-09-29","","api.tests.DeleteFileTest","api.tests.DeleteFileTest","testDeleteFilePermanently"
"","6131","testUpdateResourceWithoutCustomProperties()","","2026-09-29","passed","2026-09-29","","api.tests.UpdateResourceTest","api.tests.UpdateResourceTest","testUpdateResourceWithoutCustomProperties"
"","3740","testDeleteFileWithInvalidToken(String) [2]    ","","2026-09-29","failed","2026-09-29","","api.tests.DeleteFileTest","api.tests.DeleteFileTest","testDeleteFileWithInvalidToken"
"","8575","testDeleteFileToTrash()","","2026-09-29","passed","2026-09-29","","api.tests.DeleteFileTest","api.tests.DeleteFileTest","testDeleteFileToTrash"
"","895","testGetListFilesSorting()","","2026-09-29","passed","2026-09-29","","api.tests.GetListFilesTest","api.tests.GetListFilesTest","testGetListFilesSorting"
"","636","testGetListFilesAcceptHeader(String) [2] application/json; charset=utf-8","","2026-09-29","passed","2026-09-29","","api.tests.GetListFilesTest","api.tests.GetListFilesTest","testGetListFilesAcceptHeader"
"","8017","testDeleteFileWithFields()","","2026-09-29","passed","2026-09-29","","api.tests.DeleteFileTest","api.tests.DeleteFileTest","testDeleteFileWithFields"
"","660","testUploadFileWithInvalidUrl()","","2026-09-29","passed","2026-09-29","","api.tests.UploadFileTest","api.tests.UploadFileTest","testUploadFileWithInvalidUrl"
"","518","testGetListFilesByMediaType(String) [5] document,image","","2026-09-29","passed","2026-09-29","","api.tests.GetListFilesTest","api.tests.GetListFilesTest","testGetListFilesByMediaType"
