"BROKEN","EPIC","FAILED","FEATURE","PASSED","SKIPPED","STORY","UNKNOWN"
"0","Файлы и папки","0","Удаление файла","1","0","Негативный сценарий: неверный md5","0"
"0","Файлы и папки","0","Удаление файла","3","0","Негативный сценарий: невалидные токены","0"
"0","Файлы и папки","0","Обновление пользовательских данных ресурса","1","0","Позитивный сценарий: обновление нескольких свойств одновременно","0"
"0","Файлы и папки","0","Обновление пользовательских данных ресурса","1","0","Позитивный сценарий: перезапись существующих custom_properties","0"
"0","Файлы и папки","0","Удаление файла","1","0","Негативный сценарий: повторное удаление уже удалённого файла","0"
"0","Файлы и папки","0","Загрузка файла по URL","1","0","Позитивный сценарий: загрузка изображения","0"
"0","Файлы и папки","0","Загрузка файла по URL","1","0","Позитивный сценарий: загрузка с disable_redirects=true","0"
"0","Файлы и папки","0","Загрузка файла по URL","2","0","Негативный сценарий: отсутствие обязательных параметров","0"
"0","Файлы и папки","0","Получение списка файлов","6","0","Позитивный сценарий: одновременное использование limit и offset","0"
"0","Файлы и папки","0","Получение списка файлов","5","0","Позитивный сценарий: фильтрация по типу медиа (media_type)","0"
"0","Файлы и папки","0","Получение списка файлов","3","0","Негативный сценарий: невалидный или отсутствующий токен","0"
"0","Файлы и папки","0","Загрузка файла по URL","3","0","Негативный сценарий: неавторизованный запрос","0"
"0","Файлы и папки","1","Обновление пользовательских данных ресурса","0","0","Негативный сценарий: обновление несуществующего ресурса","0"
"0","Файлы и папки","0","Обновление пользовательских данных ресурса","1","0","Негативный сценарий: обновление без авторизации","0"
"0","Файлы и папки","0","Удаление файла","1","0","Позитивный сценарий: удаление файла навсегда (permanently=true)","0"
"0","Файлы и папки","0","Получение списка файлов","4","0","Позитивный сценарий: пагинация (limit и offset)","0"
"0","Файлы и папки","0","Получение списка файлов","1","0","Позитивный сценарий: проверка сортировки по имени","0"
"0","Файлы и папки","0","Обновление пользовательских данных ресурса","3","0","Негативный сценарий: невалидные токены","0"
"0","Файлы и папки","0","Удаление файла","1","0","Позитивный сценарий: удаление с параметром fields","0"
"0","Файлы и папки","0","Получение списка файлов","2","0","Позитивный сценарий: проверка заголовка Accept","0"
"0","Файлы и папки","0","Обновление пользовательских данных ресурса","1","0","Позитивный сценарий: добавление новых custom_properties","0"
"0","Файлы и папки","0","Удаление файла","1","0","Негативный сценарий: удаление без авторизации","0"
"0","Файлы и папки","0","Обновление пользовательских данных ресурса","1","0","Позитивный сценарий: обновление с параметром fields","0"
"0","Файлы и папки","0","Удаление файла","1","0","Позитивный сценарий: удаление файла в корзину","0"
"0","Файлы и папки","0","Обновление пользовательских данных ресурса","1","0","Позитивный сценарий: добавление и перезапись одновременно","0"
"0","Файлы и папки","0","Загрузка файла по URL","1","0","Негативный сценарий: несуществующий URL","0"
"0","Файлы и папки","0","Загрузка файла по URL","1","0","Позитивный сценарий: загрузка с параметром fields","0"
"0","Файлы и папки","0","Получение списка файлов","1","0","Негативный сценарий: невалидный тип медиа","0"
"0","Файлы и папки","0","Удаление файла","1","0","Позитивный сценарий: удаление с правильным md5","0"
"0","Файлы и папки","0","Удаление файла","1","0","Позитивный сценарий: асинхронное удаление (force_async=true)","0"
"0","Файлы и папки","0","Обновление пользовательских данных ресурса","1","0","Негативный сценарий: пустой body","0"
"0","Файлы и папки","0","Обновление пользовательских данных ресурса","1","0","Негативный сценарий: body без custom_properties","0"
"0","Файлы и папки","0","Обновление пользовательских данных ресурса","1","0","Негативный сценарий: невалидный формат body","0"
"0","Файлы и папки","0","Получение списка файлов","1","0","Позитивный сценарий: проверка уникальности данных при пагинации","0"
"0","Файлы и папки","0","Обновление пользовательских данных ресурса","1","0","Позитивный сценарий: удаление custom_properties через null","0"
"0","Файлы и папки","0","Удаление файла","1","0","Негативный сценарий: удаление несуществующего файла","0"
"0","Файлы и папки","0","Загрузка файла по URL","1","0","Негативный сценарий: невалидный URL","0"
